{
    "ee_mape": {
        "NN_ee": 0.1013473197617376,
        "knn_ee": 0.11101713495045444,
        "rf_ee": 0.1052917312730691,
        "xg_ee": 0.10642115302441893
    },
    "lasso_mape": {
        "NN_lasso": 0.15601153243462149,
        "knn_lasso": 0.16719155455600426,
        "rf_lasso": 0.15742579711274782,
        "xg_lasso": 0.16572402952342077
    },
    "full_mape": {
        "NN_full": 0.09970480599794333,
        "knn_full": 0.19457908005279154,
        "rf_full": 0.22844923682115081,
        "xg_full": 0.15624228864063675
    },
    "reduction": [
        0.9644670050761421,
        0.9593908629441624,
        0.0
    ]
}